Formula,Result
-51 / -105 / 952 - -565 * -58 - -642 / 488 - 712 - 146 + 917 * -794 / 303 + 835 * 800 + 696,+ + + - - - - / / -51 -105 952 * -565 -58 / -642 488 712 146 / * 917 -794 303 * 835 800 696
-389 * 388 + -224 / -854 * -964 / 757 - -426 * -838 * -486 / -586 - 705 + -785 + 238 / -82 / -341,+ + - - + * -389 388 / * / -224 -854 -964 757 / * * -426 -838 -486 -586 705 -785 / / 238 -82 -341
-583 + -385 - -817 / -489 + -364 + 93 + -769 - -50 - -365 - -6 * -653 - 468 / 163 * 793 / -449,- - - - + + + - + -583 -385 / -817 -489 -364 93 -769 -50 -365 * -6 -653 / * / 468 163 793 -449
-456 + -312 / -539 - -213 + -904 - -357 * 671 - 849 * -601 + 44 / 310 + 503 - 455 / 653 + 433,+ - + + - - + - + -456 / -312 -539 -213 -904 * -357 671 * 849 -601 / 44 310 503 / 455 653 433
360 + -97 - -821 / -923 + -623 + -25 + 75 + -867 * 664 * -116 / 114 / 503 - 226 * 0 - 311,- - + + + + - + 360 -97 / -821 -923 -623 -25 75 / / * * -867 664 -116 114 503 * 226 0 311
510 - 866 - 894 + -809 - 760 + 285 * -99 - 893 + -80 - 450 * 186 - -471 * 366 / -703 * -5,- - + - + - + - - 510 866 894 -809 760 * 285 -99 893 -80 * 450 186 * / * -471 366 -703 -5
695 - -268 / 298 * 145 * -523 - -298 / 168 + 557 + -501 + 123 * -915 * -25 / 328 - 108 + 204,+ - + + + - - 695 * * / -268 298 145 -523 / -298 168 557 -501 / * * 123 -915 -25 328 108 204
-701 / -855 - 332 / 226 / -365 * 101 * -879 * 755 / -520 / -314 * 375 - -483 - -664 * -748 + 142,+ - - - / -701 -855 * / / * * * / / 332 226 -365 101 -879 755 -520 -314 375 -483 * -664 -748 142
91 * 711 - 155 - 257 - -95 - -130 - 201 * 211 * 352 / 964 - 736 + 400 + -188 + -621 + 80,+ + + + - - - - - - * 91 711 155 257 -95 -130 / * * 201 211 352 964 736 400 -188 -621 80
248 - -111 - -975 / 716 * 528 + 102 * -878 / -258 - -911 * -97 + -437 + 855 / 967 + 52 - -724,- + + + - + - - 248 -111 * / -975 716 528 / * 102 -878 -258 * -911 -97 -437 / 855 967 52 -724
737 * 244 / 523 + 573 - -447 + 570 - -521 - 225 - 493 - 26 - 243 - 233 - 318 + -177 - 275,- + - - - - - - - + - + / * 737 244 523 573 -447 570 -521 225 493 26 243 233 318 -177 275
-792 * 253 - 667 + 187 + -848 + -330 / -726 + -758 * -249 - -515 - -807 * 26 / -119 / 995 / 25,- - + + + + - * -792 253 667 187 -848 / -330 -726 * -758 -249 -515 / / / * -807 26 -119 995 25
875 / -916 * -728 + 371 + -673 - 932 - -896 + 976 * -257 * -381 / -829 / 759 * 149 / -163 / 34,+ - - + + * / 875 -916 -728 371 -673 932 -896 / / * / / * * 976 -257 -381 -829 759 149 -163 34
-985 - 701 / -160 / -292 * -888 + -255 / -41 / 639 * 28 + 747 / -409 * -694 - -446 + -299 - 996,- + - + + - -985 * / / 701 -160 -292 -888 * / / -255 -41 639 28 * / 747 -409 -694 -446 -299 996
434 + 122 / 976 - 879 / 982 - 62 / -716 + -489 * 219 + -398 / -663 + -59 / -385 - 380 * -251,- + + + - - + 434 / 122 976 / 879 982 / 62 -716 * -489 219 / -398 -663 / -59 -385 * 380 -251
-500 * -918 - 656 - -251 + -261 / 9 * 114 / 911 + -894 + -586 + -532 + 466 * 146 + -596 - -551,- + + + + + + - - * -500 -918 656 -251 / * / -261 9 114 911 -894 -586 -532 * 466 146 -596 -551
449 * -30 + -590 * -497 - -426 * 438 - -806 * -258 + -655 + 625 * 393 / 419 / -520 - 373 - -712,- - + + - - + * 449 -30 * -590 -497 * -426 438 * -806 -258 -655 / / * 625 393 419 -520 373 -712
119 / 142 + -860 / -38 / -951 - 135 - -142 - 8 + -712 - 981 * 771 - 926 / -265 / 440 + 397,+ - - + - - - + / 119 142 / / -860 -38 -951 135 -142 8 -712 * 981 771 / / 926 -265 440 397
-1 - 40 / 613 + -477 * 932 - -503 - 905 - -187 * 308 / 733 + 842 / 596 + 422 - -377 - -594,- - + + - - - + - -1 / 40 613 * -477 932 -503 905 / * -187 308 733 / 842 596 422 -377 -594
-128 - -338 - -52 / -26 - -233 * -859 + 212 * 123 - -289 / 734 + 887 / 795 - -437 * 904 / 273,- + - + - - - -128 -338 / -52 -26 * -233 -859 * 212 123 / -289 734 / 887 795 / * -437 904 273
-203 + 932 / -482 + -818 * -919 / 950 + -284 - -500 * 664 - -839 / 308 / 969 + 459 - -427 + -639,+ - + - - + + + -203 / 932 -482 / * -818 -919 950 -284 * -500 664 / / -839 308 969 459 -427 -639
-733 + 743 + -611 / 148 * -782 * -560 + 136 * -269 / -61 / -183 / 244 * -860 * -280 * -686 + -40,+ + + + -733 743 * * / -611 148 -782 -560 * * * / / / * 136 -269 -61 -183 244 -860 -280 -686 -40
728 * 21 / -611 + 425 / -136 * 921 / 122 / -666 * 87 - -293 + 395 / -857 / -368 * -691 - -90,- + - + / * 728 21 -611 * / / * / 425 -136 921 122 -666 87 -293 * / / 395 -857 -368 -691 -90
-368 + -958 - -77 - -38 * -266 + 785 + -586 / -641 / 220 + -605 + 854 + 560 / 221 * 797 - -887,- + + + + + - - + -368 -958 -77 * -38 -266 785 / / -586 -641 220 -605 854 * / 560 221 797 -887
370 - 123 - -453 / -446 * 855 - 952 / -967 / 331 * 755 + 80 - -678 + 687 / -534 + -940 + -971,+ + + - + - - - 370 123 * / -453 -446 855 * / / 952 -967 331 755 80 -678 / 687 -534 -940 -971
-378 / -625 / 588 / 771 - 421 - -647 / -499 / 192 / 691 + 218 / -655 + -786 / 477 * -838 + -579,+ + + - - / / / -378 -625 588 771 421 / / / -647 -499 192 691 / 218 -655 * / -786 477 -838 -579
336 + 733 / -921 - 760 * 583 + 577 + -635 / -482 + -642 + 576 - -548 / 168 / 275 + 982 + -210,+ + - + + + + - + 336 / 733 -921 * 760 583 577 / -635 -482 -642 576 / / -548 168 275 982 -210
36 - 12 - 737 + 270 + -433 + 810 - -863 + 231 * 80 / -214 - -764 * 245 / 604 / -168 * -68,- + - + + + - - 36 12 737 270 -433 810 -863 / * 231 80 -214 * / / * -764 245 604 -168 -68
-262 * -758 / -166 - 274 + -951 / 480 * -738 - 842 * 356 - 340 / -244 * -586 / 833 / -212 + 676,+ - - + - / * -262 -758 -166 274 * / -951 480 -738 * 842 356 / / * / 340 -244 -586 833 -212 676
154 - -380 + 824 / 335 + -793 + -327 + -709 + 344 / 99 + -19 * 310 + 563 + -382 - -366 - -220,- - + + + + + + + + - 154 -380 / 824 335 -793 -327 -709 / 344 99 * -19 310 563 -382 -366 -220
-652 + -605 - 684 - -693 - 803 * -484 * -131 * 17 / 615 * -25 * 874 / -934 / -108 / -492 / 604,- - - + -652 -605 684 -693 / / / / * * / * * * 803 -484 -131 17 615 -25 874 -934 -108 -492 604
